{
  "width": 1280,
  "height": 720,
  "fps": 30,
  "main": "./script/aez_bundle_main.js",
  "assets": {
    "but_happyou": {
      "type": "image",
      "width": 510,
      "height": 210,
      "path": "files/1a09583c673a2c06f4bc.png",
      "hint": {
        "untainted": true
      },
      "virtualPath": "image/but_happyou.png"
    },
    "but_id": {
      "type": "image",
      "width": 511,
      "height": 211,
      "path": "files/89689c5470a6f4c4d17a.png",
      "hint": {
        "untainted": true
      },
      "virtualPath": "image/but_id.png"
    },
    "but_no": {
      "type": "image",
      "width": 311,
      "height": 160,
      "path": "files/100e09e45206e35ccdea.png",
      "hint": {
        "untainted": true
      },
      "virtualPath": "image/but_no.png"
    },
    "but_ok": {
      "type": "image",
      "width": 411,
      "height": 161,
      "path": "files/8c14141133bebf3f8ec3.png",
      "hint": {
        "untainted": true
      },
      "virtualPath": "image/but_ok.png"
    },
    "but_ranking": {
      "type": "image",
      "width": 510,
      "height": 210,
      "path": "files/41e28496bd42f9021d29.png",
      "hint": {
        "untainted": true
      },
      "virtualPath": "image/but_ranking.png"
    },
    "but_s_back": {
      "type": "image",
      "width": 310,
      "height": 160,
      "path": "files/906715591bf44cfc723e.png",
      "hint": {
        "untainted": true
      },
      "virtualPath": "image/but_s_back.png"
    },
    "but_s_ok": {
      "type": "image",
      "width": 310,
      "height": 160,
      "path": "files/b3e4767dd8240df61f14.png",
      "hint": {
        "untainted": true
      },
      "virtualPath": "image/but_s_ok.png"
    },
    "but_sanka": {
      "type": "image",
      "width": 510,
      "height": 210,
      "path": "files/509c9f076f38252aaa90.png",
      "hint": {
        "untainted": true
      },
      "virtualPath": "image/but_sanka.png"
    },
    "but_shimekiri": {
      "type": "image",
      "width": 510,
      "height": 210,
      "path": "files/b592dd01096c9529352c.png",
      "hint": {
        "untainted": true
      },
      "virtualPath": "image/but_shimekiri.png"
    },
    "but_yes": {
      "type": "image",
      "width": 311,
      "height": 160,
      "path": "files/220c31be1dafbf3c697d.png",
      "hint": {
        "untainted": true
      },
      "virtualPath": "image/but_yes.png"
    },
    "logo": {
      "type": "image",
      "width": 571,
      "height": 335,
      "path": "files/eaa1afb310ee6e2c4d2d.png",
      "hint": {
        "untainted": true
      },
      "virtualPath": "image/logo.png"
    },
    "massage_taiki": {
      "type": "image",
      "width": 330,
      "height": 126,
      "path": "files/d2a621188b6d201cd61a.png",
      "hint": {
        "untainted": true
      },
      "virtualPath": "image/massage_taiki.png"
    },
    "popup_startcheck": {
      "type": "image",
      "width": 1290,
      "height": 730,
      "path": "files/1fae8de6669875c0b705.png",
      "hint": {
        "untainted": true
      },
      "virtualPath": "image/popup_startcheck.png"
    },
    "popup_uketsuke": {
      "type": "image",
      "width": 1290,
      "height": 730,
      "path": "files/ee233c0666b1cab4d928.png",
      "hint": {
        "untainted": true
      },
      "virtualPath": "image/popup_uketsuke.png"
    },
    "key_0": {
      "type": "image",
      "width": 318,
      "height": 210,
      "path": "files/a5345714436f2a86451a.png",
      "hint": {
        "untainted": true
      },
      "virtualPath": "image/key_0.png"
    },
    "key_1": {
      "type": "image",
      "width": 318,
      "height": 210,
      "path": "files/949d04ee02c2b541de8c.png",
      "hint": {
        "untainted": true
      },
      "virtualPath": "image/key_1.png"
    },
    "key_2": {
      "type": "image",
      "width": 318,
      "height": 210,
      "path": "files/d010101303b7b8779d46.png",
      "hint": {
        "untainted": true
      },
      "virtualPath": "image/key_2.png"
    },
    "key_3": {
      "type": "image",
      "width": 318,
      "height": 210,
      "path": "files/2c0444fb19a6b9258f83.png",
      "hint": {
        "untainted": true
      },
      "virtualPath": "image/key_3.png"
    },
    "key_4": {
      "type": "image",
      "width": 318,
      "height": 210,
      "path": "files/d39124af17a12fa9e1cb.png",
      "hint": {
        "untainted": true
      },
      "virtualPath": "image/key_4.png"
    },
    "key_5": {
      "type": "image",
      "width": 318,
      "height": 210,
      "path": "files/048670af3f2aabdcb59e.png",
      "hint": {
        "untainted": true
      },
      "virtualPath": "image/key_5.png"
    },
    "key_6": {
      "type": "image",
      "width": 318,
      "height": 210,
      "path": "files/ec4a611554da5369c045.png",
      "hint": {
        "untainted": true
      },
      "virtualPath": "image/key_6.png"
    },
    "key_7": {
      "type": "image",
      "width": 318,
      "height": 210,
      "path": "files/c9d64444cf68207f97c5.png",
      "hint": {
        "untainted": true
      },
      "virtualPath": "image/key_7.png"
    },
    "key_8": {
      "type": "image",
      "width": 318,
      "height": 210,
      "path": "files/0eedce736250a2523db6.png",
      "hint": {
        "untainted": true
      },
      "virtualPath": "image/key_8.png"
    },
    "key_9": {
      "type": "image",
      "width": 318,
      "height": 210,
      "path": "files/4b3dc6cffbcb79300474.png",
      "hint": {
        "untainted": true
      },
      "virtualPath": "image/key_9.png"
    },
    "joinmember": {
      "type": "image",
      "width": 503,
      "height": 122,
      "path": "files/8d7a61a888587711f53c.png",
      "hint": {
        "untainted": true
      },
      "virtualPath": "image/joinmember.png"
    },
    "quiz_next": {
      "type": "image",
      "width": 310,
      "height": 186,
      "path": "files/dc98838512bb1732fde8.png",
      "hint": {
        "untainted": true
      },
      "virtualPath": "image/quiz_next.png"
    },
    "quiz_now": {
      "type": "image",
      "width": 1059,
      "height": 170,
      "path": "files/e11db5bce0b982e69ec6.png",
      "hint": {
        "untainted": true
      },
      "virtualPath": "image/quiz_now.png"
    },
    "quiz_prev": {
      "type": "image",
      "width": 310,
      "height": 186,
      "path": "files/da781cf55eb7801c8f24.png",
      "hint": {
        "untainted": true
      },
      "virtualPath": "image/quiz_prev.png"
    },
    "quiz_select_border_g": {
      "type": "image",
      "width": 895,
      "height": 180,
      "path": "files/ae90c35fd31ec20d96dc.png",
      "hint": {
        "untainted": true
      },
      "virtualPath": "image/quiz_select_border_g.png"
    },
    "quiz_wait": {
      "type": "image",
      "width": 1059,
      "height": 170,
      "path": "files/d82988f6b5e7cea5fbc1.png",
      "hint": {
        "untainted": true
      },
      "virtualPath": "image/quiz_wait.png"
    },
    "waiting": {
      "type": "image",
      "width": 503,
      "height": 122,
      "path": "files/1f3b7ab79ab5c30ae38d.png",
      "hint": {
        "untainted": true
      },
      "virtualPath": "image/waiting.png"
    },
    "quiz_selector_a": {
      "type": "image",
      "width": 891,
      "height": 194,
      "path": "files/82e945802da06072f582.png",
      "hint": {
        "untainted": true
      },
      "virtualPath": "image/quiz_selector_a.png"
    },
    "quiz_selector_b": {
      "type": "image",
      "width": 891,
      "height": 194,
      "path": "files/bf35fb311ebf42b285ee.png",
      "hint": {
        "untainted": true
      },
      "virtualPath": "image/quiz_selector_b.png"
    },
    "quiz_selector_c": {
      "type": "image",
      "width": 891,
      "height": 194,
      "path": "files/49234babc753d18c74a0.png",
      "hint": {
        "untainted": true
      },
      "virtualPath": "image/quiz_selector_c.png"
    },
    "quiz_selector_d": {
      "type": "image",
      "width": 891,
      "height": 194,
      "path": "files/4701b33ed057ff98b2f5.png",
      "hint": {
        "untainted": true
      },
      "virtualPath": "image/quiz_selector_d.png"
    },
    "no_join_message": {
      "type": "image",
      "width": 1059,
      "height": 170,
      "path": "files/d64b36b71fd100d041b9.png",
      "hint": {
        "untainted": true
      },
      "virtualPath": "image/no_join_message.png"
    },
    "result_header": {
      "type": "image",
      "width": 1921,
      "height": 155,
      "path": "files/22def02d4e467a2f29de.png",
      "hint": {
        "untainted": true
      },
      "virtualPath": "image/result_header.png"
    },
    "result_o": {
      "type": "image",
      "width": 223,
      "height": 223,
      "path": "files/ebac0abb4f738adf0e52.png",
      "hint": {
        "untainted": true
      },
      "virtualPath": "image/result_o.png"
    },
    "result_x": {
      "type": "image",
      "width": 259,
      "height": 258,
      "path": "files/50291f93ea4db702e09e.png",
      "hint": {
        "untainted": true
      },
      "virtualPath": "image/result_x.png"
    },
    "ranking_bg": {
      "type": "image",
      "width": 1920,
      "height": 1080,
      "path": "files/bed48df2bf6cea5ecf13.png",
      "hint": {
        "untainted": true
      },
      "virtualPath": "image/ranking_bg.png"
    },
    "quiz_open": {
      "type": "audio",
      "path": "files/ac4b43d684c5df49e40e",
      "systemId": "sound",
      "duration": 1649,
      "virtualPath": "audio/quiz_open"
    },
    "select": {
      "type": "audio",
      "path": "files/54c82f72ffa246b0f661",
      "systemId": "sound",
      "duration": 998,
      "virtualPath": "audio/select"
    },
    "font": {
      "type": "image",
      "width": 256,
      "height": 268,
      "path": "files/92a16d7da675ebcfa7d3.png",
      "hint": {
        "untainted": true
      },
      "virtualPath": "image/font.png"
    },
    "font_glyphs": {
      "type": "text",
      "path": "files/12bc36e7826e5e4f40b7.json",
      "virtualPath": "text/font_glyphs.json"
    },
    "aez_bundle_main": {
      "type": "script",
      "global": true,
      "path": "files/f086925699839f7a9594.js",
      "virtualPath": "script/aez_bundle_main.js"
    }
  },
  "moduleMainScripts": {
    "@akashic-extension/akashic-hover-plugin": "node_modules/@akashic-extension/akashic-hover-plugin/lib/index.js",
    "@akashic-extension/resolve-player-info": "node_modules/@akashic-extension/resolve-player-info/lib/index.js"
  },
  "environment": {
    "sandbox-runtime": "3",
    "niconico": {
      "supportedModes": [
        "multi"
      ]
    },
    "external": {
      "coeLimited": "0",
      "send": "0"
    },
    "akashic-runtime": {
      "version": "~3.0.2",
      "flavor": "-canvas"
    }
  },
  "globalScripts": [],
  "exportZipInfo": {
    "version": "0.8.2",
    "option": {
      "force": true,
      "strip": true,
      "minify": false,
      "bundle": true,
      "babel": true,
      "omitEmptyJs": true,
      "targetService": "nicolive"
    }
  }
}