{
  "map": {
    "48": {
      "x": 1,
      "y": 1,
      "width": 50,
      "height": 48
    },
    "49": {
      "x": 68,
      "y": 1,
      "width": 50,
      "height": 48
    },
    "50": {
      "x": 135,
      "y": 1,
      "width": 50,
      "height": 48
    },
    "51": {
      "x": 1,
      "y": 50,
      "width": 50,
      "height": 48
    },
    "52": {
      "x": 68,
      "y": 50,
      "width": 50,
      "height": 48
    },
    "53": {
      "x": 135,
      "y": 50,
      "width": 50,
      "height": 48
    },
    "54": {
      "x": 1,
      "y": 99,
      "width": 50,
      "height": 48
    },
    "55": {
      "x": 68,
      "y": 99,
      "width": 50,
      "height": 48
    },
    "56": {
      "x": 135,
      "y": 99,
      "width": 50,
      "height": 48
    },
    "57": {
      "x": 1,
      "y": 148,
      "width": 50,
      "height": 48
    }
  },
  "missingGlyph": {
    "x": 68,
    "y": 148,
    "width": 50,
    "height": 48
  },
  "height": 66
}